"id_table","id_res","num_res","avis","date_reg","date_res"
"01d6eef2-d294-47b7-a6fe-0f68b425eb16","39debf41-8300-41fc-a81b-7c658c3ff74b",169,NULL,"2022-08-18 12:53:10","2022-10-14 12:53:10"
"01d6eef2-d294-47b7-a6fe-0f68b425eb16","40be7146-0fdb-402c-a9b5-9a691deda4f2",133,NULL,"2022-07-06 14:10:50","2022-10-04 14:10:50"
"01d6eef2-d294-47b7-a6fe-0f68b425eb16","45f16df5-1fc3-4822-8134-e7f844de45d1",25,NULL,"2021-11-19 19:16:05","2022-01-15 19:16:05"
"01d6eef2-d294-47b7-a6fe-0f68b425eb16","65b1e12b-6465-46d2-96b4-0ad3e9b5a400",37,NULL,"2022-02-04 15:54:19","2022-03-01 15:54:19"
"01d6eef2-d294-47b7-a6fe-0f68b425eb16","71090405-b2c6-487e-8b1f-260d9af64dd2",61,"fresh-thinking","2021-12-05 19:59:29","2021-12-27 19:59:29"
"01d6eef2-d294-47b7-a6fe-0f68b425eb16","7487470a-0617-42cd-99fa-9b1304fa7c96",73,"hybrid","2022-08-30 02:34:06","2022-10-28 02:34:06"
"01d6eef2-d294-47b7-a6fe-0f68b425eb16","8101f195-0f76-4b34-8382-3c220c41c65f",13,NULL,"2022-06-27 02:03:36","2022-07-08 02:03:36"
"01d6eef2-d294-47b7-a6fe-0f68b425eb16","842940d0-910f-454c-bad5-25e58653f43b",145,"global","2022-01-11 09:13:58","2022-03-26 09:13:58"
"01d6eef2-d294-47b7-a6fe-0f68b425eb16","9a6cff77-ecb8-4a14-9026-de7bc82dfac8",157,"contextually-based","2022-01-01 18:32:00","2022-01-17 18:32:00"
"01d6eef2-d294-47b7-a6fe-0f68b425eb16","a20937eb-ea2a-42c5-b453-563b80cebd9f",109,NULL,"2022-07-19 20:43:25","2022-09-02 20:43:25"
"01d6eef2-d294-47b7-a6fe-0f68b425eb16","ab792e24-3fa5-42c1-8af7-64f302cabd53",121,NULL,"2022-06-05 05:18:08","2022-08-15 05:18:08"
"01d6eef2-d294-47b7-a6fe-0f68b425eb16","bb7af80b-55de-4d00-837c-06af5ba6056c",181,NULL,"2022-03-13 04:11:02","2022-06-05 04:11:02"
"01d6eef2-d294-47b7-a6fe-0f68b425eb16","c54effc1-dde3-4a95-b54e-82ec3768bf68",193,"upward-trending","2022-01-11 00:21:52","2022-01-30 00:21:52"
"01d6eef2-d294-47b7-a6fe-0f68b425eb16","c6301e10-d765-41d1-84a0-bc75d0caccae",49,NULL,"2022-06-21 00:30:56","2022-07-07 00:30:56"
"01d6eef2-d294-47b7-a6fe-0f68b425eb16","d179c346-f5bf-4c4e-b651-a46692247992",85,"User-friendly","2022-05-29 16:53:35","2022-07-13 16:53:35"
"01d6eef2-d294-47b7-a6fe-0f68b425eb16","eaab133b-2d51-4b41-8654-919fdef28ef0",97,NULL,"2022-10-16 11:49:46","2022-11-30 11:49:46"
"01d6eef2-d294-47b7-a6fe-0f68b425eb16","fb599c28-8bb0-42e1-9116-7da18a8b48f5",1,NULL,"2022-03-18 11:07:15","2022-04-08 11:07:15"
"0a655cd2-6dc8-4b0d-9cfa-151b67bfd45b","08dd44d2-43bf-40be-b1a5-52efa4825576",158,NULL,"2022-07-01 23:20:38","2022-09-20 23:20:38"
"0a655cd2-6dc8-4b0d-9cfa-151b67bfd45b","130f4be8-c825-4f3b-ae7e-853ac3a4e96f",110,NULL,"2022-10-21 10:13:24","2022-10-30 10:13:24"
"0a655cd2-6dc8-4b0d-9cfa-151b67bfd45b","15d1f16c-e472-456a-9b38-e524c1adf319",182,NULL,"2022-01-22 03:19:28","2022-01-24 03:19:28"
"0a655cd2-6dc8-4b0d-9cfa-151b67bfd45b","31f486bc-0e30-4abd-ac54-f44d05124347",134,NULL,"2022-03-31 05:50:06","2022-05-17 05:50:06"
"0a655cd2-6dc8-4b0d-9cfa-151b67bfd45b","328ae566-8e6a-428c-8b52-dfd61652c820",50,NULL,"2022-01-23 09:08:56","2022-02-03 09:08:56"
"0a655cd2-6dc8-4b0d-9cfa-151b67bfd45b","5e797b06-ad24-4866-924b-7560c4d964b5",26,NULL,"2022-09-22 12:16:55","2022-11-28 12:16:55"
"0a655cd2-6dc8-4b0d-9cfa-151b67bfd45b","6d8aea41-854e-4451-92fe-359aa0a8d85d",14,NULL,"2022-09-03 15:00:24","2022-09-30 15:00:24"
"0a655cd2-6dc8-4b0d-9cfa-151b67bfd45b","6f0ab72e-8bc7-440c-9c69-fb2d61319e46",74,NULL,"2022-02-28 18:58:44","2022-03-21 18:58:44"
"0a655cd2-6dc8-4b0d-9cfa-151b67bfd45b","8401255d-67e6-42bb-8a03-c097d998bdea",98,NULL,"2022-06-27 13:01:13","2022-07-15 13:01:13"
"0a655cd2-6dc8-4b0d-9cfa-151b67bfd45b","878a5382-ec75-4a35-bb5a-6ae2f2e5d67a",62,NULL,"2022-05-21 11:54:32","2022-06-23 11:54:32"
"0a655cd2-6dc8-4b0d-9cfa-151b67bfd45b","aa77873c-4656-4f3b-afe4-979dd6a68ae1",194,NULL,"2022-09-05 22:57:29","2022-09-21 22:57:29"
"0a655cd2-6dc8-4b0d-9cfa-151b67bfd45b","b3a45ff6-95eb-48ec-b570-1fcd1a211fc8",146,"even-keeled","2022-07-19 20:41:36","2022-10-14 20:41:36"
"0a655cd2-6dc8-4b0d-9cfa-151b67bfd45b","cd7be53d-7eb9-4860-bc3f-b2cec54cb4a1",170,NULL,"2021-11-06 13:21:15","2021-12-21 13:21:15"
"0a655cd2-6dc8-4b0d-9cfa-151b67bfd45b","d044b266-09c7-4297-a3df-4b4f01a325b6",38,"local area network","2022-08-19 21:04:47","2022-08-25 21:04:47"
"0a655cd2-6dc8-4b0d-9cfa-151b67bfd45b","d6157d8f-e2a3-426d-b374-96ecdcb672b5",86,NULL,"2022-02-24 23:52:25","2022-03-18 23:52:25"
"0a655cd2-6dc8-4b0d-9cfa-151b67bfd45b","d97f81cb-a546-4cd7-bfee-77ec1160edbc",122,NULL,"2021-12-28 18:52:46","2022-03-24 18:52:46"
"0a655cd2-6dc8-4b0d-9cfa-151b67bfd45b","f7c0f5cd-f64b-45b1-a81c-dd4142f0c72e",2,"product","2021-11-02 23:54:25","2021-12-21 23:54:25"
"0d69fc5a-f20e-446f-b50c-64ec4cba3e7a","02351fe6-af4c-45ce-8428-2d5684b62af6",15,NULL,"2022-01-01 12:31:31","2022-03-19 12:31:31"
"0d69fc5a-f20e-446f-b50c-64ec4cba3e7a","0994498e-dd28-4297-848d-270a048bb77e",99,"Innovative","2022-04-19 06:11:01","2022-06-22 06:11:01"
"0d69fc5a-f20e-446f-b50c-64ec4cba3e7a","1885ec1c-9f1f-4b1d-89fa-4a285500a277",87,NULL,"2022-05-10 03:08:36","2022-07-24 03:08:36"
"0d69fc5a-f20e-446f-b50c-64ec4cba3e7a","35e952ff-6508-4567-a11d-ab7cfc6b128b",39,NULL,"2021-11-10 13:37:12","2021-12-08 13:37:12"
"0d69fc5a-f20e-446f-b50c-64ec4cba3e7a","452a723f-48b6-4d3f-9966-0695648d6f3a",3,"process improvement","2021-12-27 04:07:40","2022-02-13 04:07:40"
"0d69fc5a-f20e-446f-b50c-64ec4cba3e7a","49491b60-4efe-45b0-892d-43564386bce1",75,"algorithm","2022-05-08 00:56:18","2022-06-15 00:56:18"
"0d69fc5a-f20e-446f-b50c-64ec4cba3e7a","58c1ea63-47db-437f-bda2-93c5ad2d4201",63,NULL,"2021-11-27 03:56:25","2022-02-11 03:56:25"
"0d69fc5a-f20e-446f-b50c-64ec4cba3e7a","699266dc-7d30-4922-ae37-2d6be31c9a81",195,NULL,"2022-04-06 09:57:56","2022-05-19 09:57:56"
"0d69fc5a-f20e-446f-b50c-64ec4cba3e7a","6a33e328-f8c0-4344-892d-ed32479e42b7",171,NULL,"2022-02-22 01:08:20","2022-05-05 01:08:20"
"0d69fc5a-f20e-446f-b50c-64ec4cba3e7a","6da3d100-a228-4bd0-bf8d-3822723ab438",51,NULL,"2022-05-02 08:44:30","2022-05-16 08:44:30"
"0d69fc5a-f20e-446f-b50c-64ec4cba3e7a","7edd95f3-db96-4a32-bb65-573a51600085",147,"internet solution","2022-05-17 16:24:17","2022-07-12 16:24:17"
"0d69fc5a-f20e-446f-b50c-64ec4cba3e7a","8aea5550-f4e1-42b0-a94e-19b56abe7097",123,NULL,"2022-05-13 00:49:22","2022-05-19 00:49:22"
"0d69fc5a-f20e-446f-b50c-64ec4cba3e7a","99f1d1c4-ad97-438b-b2b9-df69bccd6ed7",183,"Business-focused","2022-09-20 20:15:53","2022-10-23 20:15:53"
"0d69fc5a-f20e-446f-b50c-64ec4cba3e7a","9f98d980-8de2-4e89-a8d0-452c6aed11ad",159,NULL,"2022-06-28 14:54:29","2022-07-27 14:54:29"
"0d69fc5a-f20e-446f-b50c-64ec4cba3e7a","e474996d-4919-428e-bf63-e784ea04fc47",111,NULL,"2022-07-24 09:38:24","2022-08-25 09:38:24"
"0d69fc5a-f20e-446f-b50c-64ec4cba3e7a","f152965c-3556-4465-a7de-fe6837e70600",27,NULL,"2022-08-29 04:44:41","2022-11-14 04:44:41"
"0d69fc5a-f20e-446f-b50c-64ec4cba3e7a","fc388e66-3b28-4f10-bc5d-0a32bc89a97d",135,NULL,"2022-05-25 05:38:57","2022-07-13 05:38:57"
"1fe399c0-4b59-4491-84c8-108a537e59bf","252b49cb-c0bc-4585-91f7-d34e91f74fa9",112,NULL,"2022-05-06 08:44:56","2022-05-11 08:44:56"
"1fe399c0-4b59-4491-84c8-108a537e59bf","36574832-f562-46ca-8917-ceccdfeec161",64,"Triple-buffered","2021-12-09 06:55:34","2021-12-11 06:55:34"
"1fe399c0-4b59-4491-84c8-108a537e59bf","38fa0c26-ee5f-4a03-8f44-f021da466891",196,NULL,"2021-11-19 03:13:48","2021-12-20 03:13:48"
"1fe399c0-4b59-4491-84c8-108a537e59bf","39795bfd-9057-47d6-aeb4-75d76ba7a457",184,NULL,"2022-06-26 12:15:25","2022-08-24 12:15:25"
"1fe399c0-4b59-4491-84c8-108a537e59bf","6e78022b-e9d0-4dd7-836e-a7a58a3e21e6",4,NULL,"2022-01-31 16:18:30","2022-04-12 16:18:30"
"1fe399c0-4b59-4491-84c8-108a537e59bf","6f13fa8a-e1f9-4ceb-b1ad-a4bd4a037782",76,NULL,"2021-12-02 05:06:41","2021-12-15 05:06:41"
"1fe399c0-4b59-4491-84c8-108a537e59bf","72ee08c0-8af2-4bd6-9704-27e8ce76ad0c",16,NULL,"2022-06-15 18:18:11","2022-08-11 18:18:11"
"1fe399c0-4b59-4491-84c8-108a537e59bf","771664c8-6e17-412c-98f1-e5eda73ba382",28,"Down-sized","2021-11-17 18:35:01","2021-12-23 18:35:01"
"1fe399c0-4b59-4491-84c8-108a537e59bf","778758f9-14b8-4483-913f-dab69d0348cb",172,"Configurable","2022-09-26 15:48:54","2022-11-25 15:48:54"
"1fe399c0-4b59-4491-84c8-108a537e59bf","a31f665b-1fe1-4755-b7b1-98faf65e7857",40,NULL,"2021-11-09 04:10:44","2022-01-22 04:10:44"
"1fe399c0-4b59-4491-84c8-108a537e59bf","b83c8f72-34eb-4fb2-8346-ca056021a56c",88,"Innovative","2022-08-28 07:08:42","2022-11-14 07:08:42"
"1fe399c0-4b59-4491-84c8-108a537e59bf","bf18760e-9b4d-4e87-8b8a-b67874b554b7",148,"task-force","2022-10-08 08:48:52","2022-11-07 08:48:52"
"1fe399c0-4b59-4491-84c8-108a537e59bf","bfee2ce4-ccd4-42f5-835a-cd05bdbb90de",136,"bandwidth-monitored","2022-01-18 15:17:19","2022-02-21 15:17:19"
"1fe399c0-4b59-4491-84c8-108a537e59bf","cc76e6e8-a3a4-45d6-b679-cc4d24cc38b5",52,NULL,"2022-10-23 17:43:01","2023-01-18 17:43:01"
"1fe399c0-4b59-4491-84c8-108a537e59bf","cf87d593-efd4-4e4a-b876-3388c7273f54",100,NULL,"2022-10-18 11:56:10","2023-01-05 11:56:10"
"1fe399c0-4b59-4491-84c8-108a537e59bf","d11c856d-3d82-45df-bcf0-bc4c8bd0e313",160,NULL,"2022-08-23 01:18:05","2022-11-07 01:18:05"
"1fe399c0-4b59-4491-84c8-108a537e59bf","de64a801-33ab-4f24-8f08-18bc5b8faecb",124,NULL,"2022-06-27 04:14:48","2022-08-18 04:14:48"
"2ee5908c-3539-4119-bfd6-c6a9b7fe5ead","04922b15-6ca5-4423-889d-28d54fa57fe6",197,NULL,"2022-05-29 20:19:27","2022-07-31 20:19:27"
"2ee5908c-3539-4119-bfd6-c6a9b7fe5ead","096066e1-ab76-4284-a0ea-fe434c9153c9",29,"Synergized","2021-12-03 23:02:29","2022-02-02 23:02:29"
"2ee5908c-3539-4119-bfd6-c6a9b7fe5ead","23d43333-35d2-43bb-8a17-b8f6d673c597",53,NULL,"2022-04-09 08:57:11","2022-06-09 08:57:11"
"2ee5908c-3539-4119-bfd6-c6a9b7fe5ead","287f1077-1869-4c84-8514-6129115bcd66",89,NULL,"2022-05-06 20:48:12","2022-06-14 20:48:12"
"2ee5908c-3539-4119-bfd6-c6a9b7fe5ead","4565ef8d-2785-40ac-a02f-726f280e3bc5",41,NULL,"2022-01-01 03:55:57","2022-01-31 03:55:57"
"2ee5908c-3539-4119-bfd6-c6a9b7fe5ead","63e0366e-1730-4b99-b4fa-c4a3fa096373",101,NULL,"2022-05-08 18:17:46","2022-08-03 18:17:46"
"2ee5908c-3539-4119-bfd6-c6a9b7fe5ead","6bd2eb77-82fb-4760-8bb9-1ac62b280223",65,NULL,"2022-02-18 12:12:59","2022-02-20 12:12:59"
"2ee5908c-3539-4119-bfd6-c6a9b7fe5ead","864145b4-530a-4d75-b755-86a355d44696",137,NULL,"2021-11-19 05:46:11","2022-01-09 05:46:11"
"2ee5908c-3539-4119-bfd6-c6a9b7fe5ead","879fa8c0-31ec-4f2d-9790-3a7946260987",185,NULL,"2022-03-13 15:16:29","2022-03-25 15:16:29"
"2ee5908c-3539-4119-bfd6-c6a9b7fe5ead","a34970fd-5bbe-4499-bb48-9158e42c6ce5",113,"systemic","2021-12-20 18:53:16","2022-02-15 18:53:16"
"2ee5908c-3539-4119-bfd6-c6a9b7fe5ead","a7d43e54-6c1d-4129-811d-04b55b6c112e",5,"Multi-layered","2022-03-22 19:01:15","2022-06-08 19:01:15"
"2ee5908c-3539-4119-bfd6-c6a9b7fe5ead","accb7dea-a995-443e-af4d-f26cce30b7a2",125,NULL,"2022-02-23 04:41:53","2022-04-19 04:41:53"
"2ee5908c-3539-4119-bfd6-c6a9b7fe5ead","cc243aa1-79a2-41a5-baf4-39a8eb721d1c",149,NULL,"2021-11-15 09:35:57","2021-12-21 09:35:57"
"2ee5908c-3539-4119-bfd6-c6a9b7fe5ead","ceccd084-11a0-4c15-8965-25a8ac96757a",17,NULL,"2022-03-13 13:38:39","2022-05-17 13:38:39"
"2ee5908c-3539-4119-bfd6-c6a9b7fe5ead","dc2bf3af-8a13-452c-8601-0d02ea0b93e9",173,NULL,"2022-06-26 07:34:42","2022-06-28 07:34:42"
"2ee5908c-3539-4119-bfd6-c6a9b7fe5ead","eaa97736-13f8-4fbf-9bcf-6de49bd76877",77,NULL,"2022-02-24 00:15:15","2022-05-18 00:15:15"
"2ee5908c-3539-4119-bfd6-c6a9b7fe5ead","ed59e948-c8fe-4a38-98f4-4cb9538f6264",161,NULL,"2021-12-07 11:42:33","2022-01-27 11:42:33"
"50e2c63f-5167-4adc-8076-865921f87a84","114c9872-018d-4051-929e-9a3d08618181",78,NULL,"2022-01-28 10:56:25","2022-02-22 10:56:25"
"50e2c63f-5167-4adc-8076-865921f87a84","16eb0d0d-c216-4f70-a90e-160e8c58156e",6,NULL,"2022-06-25 09:16:42","2022-09-13 09:16:42"
"50e2c63f-5167-4adc-8076-865921f87a84","18af0d97-a254-42ef-9c2b-e7dc21c107aa",18,NULL,"2022-10-03 15:06:04","2022-11-05 15:06:04"
"50e2c63f-5167-4adc-8076-865921f87a84","594222f6-2ae7-4ed8-8ddd-d37c11c126d2",162,NULL,"2022-03-30 19:55:49","2022-05-23 19:55:49"
"50e2c63f-5167-4adc-8076-865921f87a84","5c57ceb8-7112-46eb-b240-e9cc4f6d17ad",54,NULL,"2022-01-10 04:28:37","2022-02-14 04:28:37"
"50e2c63f-5167-4adc-8076-865921f87a84","64c9cad7-8a01-4400-8868-f340f1ce8f9b",90,NULL,"2022-07-10 17:45:45","2022-07-16 17:45:45"
"50e2c63f-5167-4adc-8076-865921f87a84","68455696-fa0a-4fda-884f-2d668e6b6fcf",150,NULL,"2022-01-20 17:18:55","2022-03-10 17:18:55"
"50e2c63f-5167-4adc-8076-865921f87a84","68adc221-6be1-4150-a0a0-3f90fb78c5bb",30,NULL,"2022-08-13 23:11:03","2022-09-17 23:11:03"
"50e2c63f-5167-4adc-8076-865921f87a84","6ac66d4c-e3c5-4a56-aca9-ca885245d02d",198,NULL,"2022-02-17 13:26:55","2022-03-13 13:26:55"
"50e2c63f-5167-4adc-8076-865921f87a84","7aa007b4-1343-49e0-b3dd-9f1de72dd9ae",66,NULL,"2022-02-11 11:52:06","2022-05-06 11:52:06"
"50e2c63f-5167-4adc-8076-865921f87a84","81aa6928-b43e-442f-9825-76f028ffe762",174,NULL,"2021-11-06 12:17:16","2022-01-12 12:17:16"
"50e2c63f-5167-4adc-8076-865921f87a84","98e85ee6-bf29-4c9f-922f-a54ec8aad1fa",186,NULL,"2022-09-02 13:14:45","2022-10-01 13:14:45"
"50e2c63f-5167-4adc-8076-865921f87a84","ad640eb2-dadf-499e-98fa-e57092ef026b",102,NULL,"2022-03-14 14:45:43","2022-04-08 14:45:43"
"50e2c63f-5167-4adc-8076-865921f87a84","bf12fc47-93d7-4708-8edb-483a3a9f11df",114,NULL,"2021-11-06 08:48:45","2022-01-22 08:48:45"
"50e2c63f-5167-4adc-8076-865921f87a84","c8e4688a-0630-42ec-9a55-e4a0de10666b",42,"static","2022-02-11 13:01:40","2022-03-18 13:01:40"
"50e2c63f-5167-4adc-8076-865921f87a84","d2cf1c1d-9d4f-4083-9557-a43689b9e846",126,NULL,"2022-05-31 06:15:54","2022-06-04 06:15:54"
"50e2c63f-5167-4adc-8076-865921f87a84","f52e2402-8948-4fd3-8aac-a07d57c56aed",138,"Digitized","2022-07-24 19:00:32","2022-08-30 19:00:32"
"ab1b492b-c01a-4f41-8538-a5d9921a0cfa","0fbbf56b-879e-4587-bf55-aeb69a946011",67,NULL,"2022-08-29 20:13:00","2022-10-17 20:13:00"
"ab1b492b-c01a-4f41-8538-a5d9921a0cfa","332c29c7-6af0-4155-b887-ac6db63fefe3",55,NULL,"2021-11-30 04:08:32","2022-02-10 04:08:32"
"ab1b492b-c01a-4f41-8538-a5d9921a0cfa","33ffd0c7-f8f7-42b4-930d-2a5651ec784f",79,"Graphical User Interface","2022-09-13 04:52:34","2022-11-14 04:52:34"
"ab1b492b-c01a-4f41-8538-a5d9921a0cfa","3e602bc2-a0c9-4b86-bf9e-709e19d4b477",163,NULL,"2022-06-26 23:28:36","2022-07-25 23:28:36"
"ab1b492b-c01a-4f41-8538-a5d9921a0cfa","52b57efe-32f3-46e5-bde3-5dc2221607b6",187,NULL,"2022-08-18 19:45:28","2022-09-14 19:45:28"
"ab1b492b-c01a-4f41-8538-a5d9921a0cfa","6b37b3ae-a5d9-45e4-a69e-214d66eb5d8b",91,NULL,"2022-09-20 18:38:32","2022-12-19 18:38:32"
"ab1b492b-c01a-4f41-8538-a5d9921a0cfa","6bb76028-7dcb-464f-a5a2-832a8b8b7f65",151,NULL,"2022-03-09 13:41:11","2022-04-13 13:41:11"
"ab1b492b-c01a-4f41-8538-a5d9921a0cfa","6be94b5c-a645-4a85-a628-5038c744a998",7,NULL,"2022-03-03 08:03:40","2022-04-21 08:03:40"
"ab1b492b-c01a-4f41-8538-a5d9921a0cfa","6df93ccd-ed71-4c11-bdf0-8060bd9b9ed2",31,NULL,"2022-01-12 12:51:19","2022-03-22 12:51:19"
"ab1b492b-c01a-4f41-8538-a5d9921a0cfa","70234be3-917d-4fc4-8877-1c61caaef443",103,"Organic","2022-08-12 11:28:35","2022-09-01 11:28:35"
"ab1b492b-c01a-4f41-8538-a5d9921a0cfa","74789561-ad25-4fb5-b2a6-ef71d50d10cf",127,NULL,"2022-10-01 01:02:35","2022-12-12 01:02:35"
"ab1b492b-c01a-4f41-8538-a5d9921a0cfa","82812f8c-4991-44e7-a298-a657e40ea9c4",43,NULL,"2022-03-25 11:54:47","2022-06-19 11:54:47"
"ab1b492b-c01a-4f41-8538-a5d9921a0cfa","8aafa395-a26e-487a-9386-8f07b45fd57f",199,NULL,"2022-08-11 09:46:47","2022-09-19 09:46:47"
"ab1b492b-c01a-4f41-8538-a5d9921a0cfa","9c00b004-335e-4c9b-9791-ca9cf462bb2f",175,NULL,"2022-09-15 04:32:16","2022-11-20 04:32:16"
"ab1b492b-c01a-4f41-8538-a5d9921a0cfa","b51a517c-a16c-40df-9915-f99bc999fd58",19,NULL,"2022-10-13 10:42:54","2022-11-19 10:42:54"
"ab1b492b-c01a-4f41-8538-a5d9921a0cfa","d5d67251-d909-4865-8d4d-3fa4ff8c5aac",115,NULL,"2022-10-26 07:50:11","2022-12-21 07:50:11"
"ab1b492b-c01a-4f41-8538-a5d9921a0cfa","f1bfebd6-998c-40e2-90d3-511f731be51e",139,NULL,"2022-06-09 14:19:16","2022-07-25 14:19:16"
"ac73de44-d18f-4a38-be4d-6c17e1a9fbf7","147a0bcb-2d11-4b9c-b4d1-cf1f9df589a4",92,NULL,"2022-09-30 06:18:30","2022-10-27 06:18:30"
"ac73de44-d18f-4a38-be4d-6c17e1a9fbf7","30b39a43-5f13-49c9-91c1-455fc4a55098",8,NULL,"2022-08-27 10:25:57","2022-11-19 10:25:57"
"ac73de44-d18f-4a38-be4d-6c17e1a9fbf7","4388c6a8-f04e-4881-b289-22b38201d9df",68,"matrix","2021-11-11 12:01:54","2022-01-02 12:01:54"
"ac73de44-d18f-4a38-be4d-6c17e1a9fbf7","475d8a81-aef1-4161-8116-67fc3c59e29a",176,NULL,"2022-02-25 16:19:04","2022-04-13 16:19:04"
"ac73de44-d18f-4a38-be4d-6c17e1a9fbf7","557d8e40-c1e8-4b71-8add-59b72bf551e5",200,NULL,"2022-10-31 14:11:49","2022-11-29 14:11:49"
"ac73de44-d18f-4a38-be4d-6c17e1a9fbf7","5855335b-b55b-4f71-980a-fd4d388f046b",116,NULL,"2022-06-17 03:41:57","2022-07-26 03:41:57"
"ac73de44-d18f-4a38-be4d-6c17e1a9fbf7","68e34039-c637-44b5-82aa-c29f69c7f319",104,NULL,"2022-01-22 08:28:41","2022-03-05 08:28:41"
"ac73de44-d18f-4a38-be4d-6c17e1a9fbf7","6c342785-2ce2-4c48-8161-e2382fef2f5c",128,NULL,"2022-05-06 06:46:40","2022-07-16 06:46:40"
"ac73de44-d18f-4a38-be4d-6c17e1a9fbf7","6ea45f8c-8ad1-45fc-8571-06fee93041d1",140,NULL,"2022-06-25 01:47:45","2022-08-18 01:47:45"
"ac73de44-d18f-4a38-be4d-6c17e1a9fbf7","7f07d6c7-8cb4-4e1b-9294-9c11ff6b7b6c",188,NULL,"2022-08-19 16:30:08","2022-09-13 16:30:08"
"ac73de44-d18f-4a38-be4d-6c17e1a9fbf7","895678fa-ccac-480f-98ef-a05083c1ca00",152,NULL,"2022-04-30 18:58:00","2022-07-23 18:58:00"
"ac73de44-d18f-4a38-be4d-6c17e1a9fbf7","89af1a9e-12fc-40cb-8a4b-85f7837f1ee4",20,NULL,"2022-04-06 14:04:46","2022-05-19 14:04:46"
"ac73de44-d18f-4a38-be4d-6c17e1a9fbf7","98b676ef-c2ee-4648-96e6-1dc46e1e59c1",164,NULL,"2022-09-12 03:02:19","2022-11-20 03:02:19"
"ac73de44-d18f-4a38-be4d-6c17e1a9fbf7","ac1b74d6-2342-4caa-939b-0d2814bdcddd",32,"composite","2022-06-15 20:38:22","2022-08-06 20:38:22"
"ac73de44-d18f-4a38-be4d-6c17e1a9fbf7","adf6d79a-48be-4d01-8760-19b43577b611",44,NULL,"2022-09-13 17:11:15","2022-10-14 17:11:15"
"ac73de44-d18f-4a38-be4d-6c17e1a9fbf7","afb485f7-ffff-46a6-b18a-42f3367ae1e2",80,NULL,"2022-10-18 04:59:17","2022-12-19 04:59:17"
"ac73de44-d18f-4a38-be4d-6c17e1a9fbf7","f3455d02-37ac-4f83-ba5b-3f5ca61ae2d1",56,NULL,"2022-03-24 21:57:37","2022-04-12 21:57:37"
"ce9be4a8-baf0-48e9-a04c-78743dbbf6dc","0048a956-1b42-44ac-8167-ee1a46e88351",165,NULL,"2022-01-11 18:58:02","2022-02-14 18:58:02"
"ce9be4a8-baf0-48e9-a04c-78743dbbf6dc","2ca56545-8ce5-4e56-a8b5-208e936ce21f",33,NULL,"2022-07-15 16:04:38","2022-10-09 16:04:38"
"ce9be4a8-baf0-48e9-a04c-78743dbbf6dc","34a34d9a-37dd-4f01-9994-a300d6f59f45",81,"Integrated","2022-08-26 05:03:44","2022-09-21 05:03:44"
"ce9be4a8-baf0-48e9-a04c-78743dbbf6dc","6a8d75dd-9867-4119-a3bf-2c995b0340c1",177,NULL,"2022-10-16 06:54:07","2022-10-25 06:54:07"
"ce9be4a8-baf0-48e9-a04c-78743dbbf6dc","71b1b63c-deea-4dee-bca9-f37a9727c3ba",45,NULL,"2021-11-28 00:26:37","2021-12-07 00:26:37"
"ce9be4a8-baf0-48e9-a04c-78743dbbf6dc","7f7e2d98-bda2-4b45-8c79-8b076d3b1ea1",117,NULL,"2022-04-11 07:03:25","2022-06-17 07:03:25"
"ce9be4a8-baf0-48e9-a04c-78743dbbf6dc","97a79dba-7cd9-4a2f-8052-505a64f812f2",129,NULL,"2022-04-10 18:24:20","2022-05-28 18:24:20"
"ce9be4a8-baf0-48e9-a04c-78743dbbf6dc","9a30d196-4f94-4204-b83a-bcb8c59d2db8",153,NULL,"2022-02-18 04:34:04","2022-04-25 04:34:04"
"ce9be4a8-baf0-48e9-a04c-78743dbbf6dc","a68b218f-afd3-4215-ac28-4f4b10adcd01",189,NULL,"2022-08-14 13:37:28","2022-11-04 13:37:28"
"ce9be4a8-baf0-48e9-a04c-78743dbbf6dc","a904f00f-8396-4091-b488-a69d13794872",141,NULL,"2022-10-15 04:55:23","2022-12-18 04:55:23"
"ce9be4a8-baf0-48e9-a04c-78743dbbf6dc","abb4b4f3-5e5f-47d4-9ffd-23dbaf1cb268",69,NULL,"2022-08-07 12:37:30","2022-08-14 12:37:30"
"ce9be4a8-baf0-48e9-a04c-78743dbbf6dc","bf8171fb-0e1b-4ce6-a3f9-10659c5a30ba",105,NULL,"2022-05-11 01:06:09","2022-05-18 01:06:09"
"ce9be4a8-baf0-48e9-a04c-78743dbbf6dc","e4727948-da74-462a-9703-1d09b7f91dbe",21,NULL,"2022-03-28 16:53:51","2022-06-25 16:53:51"
"ce9be4a8-baf0-48e9-a04c-78743dbbf6dc","e99ccd12-86d0-4e8b-86f9-7c4d9a5d0666",57,NULL,"2022-10-05 19:40:16","2022-11-02 19:40:16"
"ce9be4a8-baf0-48e9-a04c-78743dbbf6dc","f11bea41-52f3-447b-8fec-37c99a7efb49",9,NULL,"2022-02-07 10:59:30","2022-02-11 10:59:30"
"ce9be4a8-baf0-48e9-a04c-78743dbbf6dc","ffecc706-d5eb-4b53-a7f8-2aa66ae73c66",93,NULL,"2021-11-09 20:29:29","2022-01-31 20:29:29"
"e4f85130-f897-4264-8c0a-9733604f1a62","12bc655f-3703-44b5-a976-13821bfec214",154,NULL,"2022-10-22 16:05:45","2022-12-04 16:05:45"
"e4f85130-f897-4264-8c0a-9733604f1a62","1e3ff1d4-1484-46f1-a51b-187a135983f6",34,NULL,"2021-12-19 02:24:31","2022-01-19 02:24:31"
"e4f85130-f897-4264-8c0a-9733604f1a62","29c59f89-e05d-44e2-aa24-4006327fbcdb",106,NULL,"2022-07-22 01:19:18","2022-08-29 01:19:18"
"e4f85130-f897-4264-8c0a-9733604f1a62","46d32152-28c3-492a-a8c0-5ea04c71474c",190,NULL,"2022-07-29 15:00:59","2022-08-08 15:00:59"
"e4f85130-f897-4264-8c0a-9733604f1a62","6a7d0969-504e-4b65-bbae-2b1b48466092",178,NULL,"2022-01-02 01:27:42","2022-01-13 01:27:42"
"e4f85130-f897-4264-8c0a-9733604f1a62","76277224-9802-44c9-96a9-7ac168e9376f",10,NULL,"2022-09-11 08:11:54","2022-10-29 08:11:54"
"e4f85130-f897-4264-8c0a-9733604f1a62","7ca81fdd-663a-4ef9-902d-5b1d20611719",142,NULL,"2022-02-11 14:35:08","2022-02-20 14:35:08"
"e4f85130-f897-4264-8c0a-9733604f1a62","96859773-1059-4056-b6fc-4fae234bb628",94,"national","2022-08-07 21:53:37","2022-10-29 21:53:37"
"e4f85130-f897-4264-8c0a-9733604f1a62","9f24c4c8-f7ad-4d13-98c0-f69acb028240",118,"next generation","2022-01-09 11:30:52","2022-02-25 11:30:52"
"e4f85130-f897-4264-8c0a-9733604f1a62","a4c9b513-4e24-4ebc-a2de-94d37eb88dd5",82,NULL,"2022-03-14 09:43:59","2022-06-01 09:43:59"
"e4f85130-f897-4264-8c0a-9733604f1a62","c8016608-1753-45e3-8341-18cfad747ae7",58,NULL,"2022-10-02 06:07:31","2022-11-25 06:07:31"
"e4f85130-f897-4264-8c0a-9733604f1a62","d48d6b12-b99c-4982-afb3-3188c68520c0",130,"Synergistic","2022-05-13 12:34:49","2022-06-16 12:34:49"
"e4f85130-f897-4264-8c0a-9733604f1a62","d7df08ba-802c-474e-a594-3dd6db23d77b",46,NULL,"2022-09-05 15:00:04","2022-10-07 15:00:04"
"e4f85130-f897-4264-8c0a-9733604f1a62","dd79def2-4755-40f6-8355-f3fcfd133518",166,NULL,"2022-10-17 18:58:51","2022-11-05 18:58:51"
"e4f85130-f897-4264-8c0a-9733604f1a62","ec599cf8-4bab-44fa-8c98-c99617632750",22,NULL,"2022-01-12 14:06:55","2022-02-15 14:06:55"
"e4f85130-f897-4264-8c0a-9733604f1a62","fd97a829-002c-4a89-987c-c9de21783fcf",70,NULL,"2022-03-24 09:43:53","2022-06-21 09:43:53"
"f202d1cf-d827-4de3-8862-5414ce02f951","06b5c967-6964-4d95-9334-97914a927912",83,NULL,"2022-06-09 21:22:12","2022-07-23 21:22:12"
"f202d1cf-d827-4de3-8862-5414ce02f951","0f3f9343-ebe4-4df4-b0bb-56e62fc064bf",107,NULL,"2022-07-13 03:12:53","2022-07-24 03:12:53"
"f202d1cf-d827-4de3-8862-5414ce02f951","114f934a-fac8-498e-b209-551dfe2facb9",47,NULL,"2022-05-24 18:06:56","2022-06-25 18:06:56"
"f202d1cf-d827-4de3-8862-5414ce02f951","130af57a-7b09-48c1-99aa-23aaa1197b43",59,NULL,"2021-11-05 10:38:20","2021-12-29 10:38:20"
"f202d1cf-d827-4de3-8862-5414ce02f951","2f35b9ad-f086-4911-be94-c8e4de4b1dde",71,"initiative","2022-03-17 07:20:34","2022-06-13 07:20:34"
"f202d1cf-d827-4de3-8862-5414ce02f951","2f754b32-6886-42ba-9ad5-3d7bd6c2b4a0",155,NULL,"2021-11-05 13:54:15","2021-12-06 13:54:15"
"f202d1cf-d827-4de3-8862-5414ce02f951","80955181-4b4e-4481-8112-5a9f9206c129",119,"Polarised","2021-11-05 05:46:26","2022-01-26 05:46:26"
"f202d1cf-d827-4de3-8862-5414ce02f951","8788ab60-ce76-4365-9a73-e15902fd72c3",143,NULL,"2022-01-09 08:14:46","2022-02-14 08:14:46"
"f202d1cf-d827-4de3-8862-5414ce02f951","91dc2e12-5c9c-4f38-ae6d-31333402a329",11,NULL,"2022-10-06 13:10:19","2022-12-21 13:10:19"
"f202d1cf-d827-4de3-8862-5414ce02f951","9448cd0c-9dc1-4560-9c0d-2e7d6de1ae93",95,NULL,"2022-09-08 12:26:45","2022-09-12 12:26:45"
"f202d1cf-d827-4de3-8862-5414ce02f951","a8acfca3-32e4-4d28-aab0-25ac732875db",167,NULL,"2022-03-28 14:08:35","2022-06-05 14:08:35"
"f202d1cf-d827-4de3-8862-5414ce02f951","b461a9a4-f44a-4051-a827-2eaa5fd0037e",131,NULL,"2022-03-08 08:51:15","2022-04-19 08:51:15"
"f202d1cf-d827-4de3-8862-5414ce02f951","b8077a5e-c695-403b-9d80-c182f15d0f23",35,NULL,"2022-04-22 08:54:42","2022-05-26 08:54:42"
"f202d1cf-d827-4de3-8862-5414ce02f951","bfe45706-96e3-42fa-a62d-b46cfe991584",179,NULL,"2022-04-04 23:16:15","2022-05-09 23:16:15"
"f202d1cf-d827-4de3-8862-5414ce02f951","ee6aff9c-1aa4-450a-b7ed-bd264860997c",191,NULL,"2022-06-07 13:11:28","2022-08-11 13:11:28"
"f202d1cf-d827-4de3-8862-5414ce02f951","f25df256-99e1-4efa-95d0-b78d201c156b",23,NULL,"2022-09-22 07:07:28","2022-09-26 07:07:28"
"f7f227b5-4a0d-4d28-91a4-8da453be3edb","472f7c63-635b-4e49-aa7f-4c0e6a180df1",12,NULL,"2022-04-19 17:30:57","2022-05-29 17:30:57"
"f7f227b5-4a0d-4d28-91a4-8da453be3edb","47a627e3-bdad-44ca-9e8f-917e99cef3b0",96,NULL,"2022-09-22 22:44:51","2022-11-30 22:44:51"
"f7f227b5-4a0d-4d28-91a4-8da453be3edb","4a712c42-f831-4d1b-b681-900e12c8ad19",84,NULL,"2022-03-05 09:51:35","2022-04-05 09:51:35"
"f7f227b5-4a0d-4d28-91a4-8da453be3edb","555578e7-fe94-435a-b832-f16a0d71048e",192,"product","2022-04-06 22:21:13","2022-05-03 22:21:13"
"f7f227b5-4a0d-4d28-91a4-8da453be3edb","726263c7-bcbe-45d6-9c79-177fca13607a",120,NULL,"2022-03-28 01:05:56","2022-05-15 01:05:56"
"f7f227b5-4a0d-4d28-91a4-8da453be3edb","7b53e877-1c02-40ff-8d29-3abbc51b9278",144,NULL,"2022-01-19 18:35:54","2022-04-16 18:35:54"
"f7f227b5-4a0d-4d28-91a4-8da453be3edb","a94cf0df-3c14-4c2d-b1d8-d15a5759d120",36,NULL,"2022-07-29 12:55:24","2022-09-29 12:55:24"
"f7f227b5-4a0d-4d28-91a4-8da453be3edb","b5ad9fec-d6b8-4885-888b-e424e2f47a3f",132,NULL,"2021-11-19 15:57:00","2022-02-14 15:57:00"
"f7f227b5-4a0d-4d28-91a4-8da453be3edb","b6c75243-08c5-4468-bdc1-0baf435b801f",168,NULL,"2021-12-01 10:23:53","2022-01-18 10:23:53"
"f7f227b5-4a0d-4d28-91a4-8da453be3edb","d416a135-598b-4269-b00b-bc51624a593c",72,NULL,"2022-07-14 14:36:47","2022-09-08 14:36:47"
"f7f227b5-4a0d-4d28-91a4-8da453be3edb","d93a0385-5bd6-48a3-8b5f-19a7f39a8dc1",108,NULL,"2022-04-27 12:16:32","2022-05-17 12:16:32"
"f7f227b5-4a0d-4d28-91a4-8da453be3edb","dc7463b9-9a3f-4be1-b669-739d73d62a97",156,NULL,"2022-07-12 03:27:13","2022-09-02 03:27:13"
"f7f227b5-4a0d-4d28-91a4-8da453be3edb","dd41cdd6-fe7d-41e3-8c46-5922fb4b4fb0",24,"Self-enabling","2021-12-07 09:08:01","2022-01-02 09:08:01"
"f7f227b5-4a0d-4d28-91a4-8da453be3edb","e1c6a9cc-d0c2-4b81-bc65-80b05ac0bb15",60,NULL,"2022-08-01 22:16:54","2022-08-27 22:16:54"
"f7f227b5-4a0d-4d28-91a4-8da453be3edb","f24ea080-6ab4-4fd1-96e7-a0501daa417b",180,NULL,"2022-09-06 08:24:09","2022-10-22 08:24:09"
"f7f227b5-4a0d-4d28-91a4-8da453be3edb","f2f94648-9bc5-4b2d-9ac1-3197761c41e2",48,"3rd generation","2021-12-21 15:13:44","2022-02-26 15:13:44"
